Article URL,https://mail.google.com/mail/u/0/,http://newsteller.org,https://www.washingtonpost.com/news/worldviews/wp/2016/08/23/we-run-towards-the-screams-meet-the-aleppo-rescue-team-that-saved-5-year-old-omran/,http://feeds.feedburner.com/~r/ap/hupq/~3/uZu8R2p2fvQ/id-a789846e297346c58e140c68ec764bf5,http://onlinebaseweb.com/syrias-white-helmets-protest-against-killings-of-rescue-workers,http://www.mediasuarakyat.ga/2017/08/innalillah-tujuh-relawan-white-helmets.html,https://www.rt.com/news/388960-white-helmets-execution-footage/,http://theduran.com/cnn-busted-using-actors-to-stage-muslim-outrage-in-london-after-terror-attacks/,http://www.thetruthseeker.co.uk/?p=153739,http://www.independent.co.uk/news/world/middle-east/syria-white-helmets-civil-defence-service-donation-uk-search-and-rescue-dfid-a7901091.html
https://mail.google.com/mail/u/0/,,counts:(0; 0; 0; 0; ),counts:(0; 0; 0; 0; ),counts:(0; 0; 0; 0; ),counts:(0; 0; 0; 0; ),counts:(0; 0; 0; 0; ),counts:(0; 0; 0; 0; ),counts:(0; 0; 0; 0; ),counts:(0; 0; 0; 0; ),counts:(0; 0; 0; 0; )
http://newsteller.org,,,counts:(0; 0; 0; 0; ),counts:(0; 0; 0; 0; ),counts:(0; 0; 0; 0; ),counts:(0; 0; 0; 0; ),counts:(0; 0; 0; 0; ),counts:(0; 0; 0; 0; ),counts:(0; 0; 0; 0; ),counts:(0; 0; 0; 0; )
https://www.washingtonpost.com/news/worldviews/wp/2016/08/23/we-run-towards-the-screams-meet-the-aleppo-rescue-team-that-saved-5-year-old-omran/,,,,counts:(0; 0; 0; 0; ),counts:(0; 0; 0; 0; ),counts:(0; 0; 0; 0; ),counts:(0; 0; 0; 0; ),counts:(0; 0; 0; 0; ),counts:(0; 0; 0; 0; ),counts:(0; 0; 0; 0; )
http://feeds.feedburner.com/~r/ap/hupq/~3/uZu8R2p2fvQ/id-a789846e297346c58e140c68ec764bf5,,,,,counts:(0; 0; 0; 0; ),counts:(0; 0; 0; 0; ),counts:(0; 0; 0; 0; ),counts:(0; 0; 0; 0; ),counts:(0; 0; 0; 0; ),counts:(0; 0; 0; 0; )
http://onlinebaseweb.com/syrias-white-helmets-protest-against-killings-of-rescue-workers,,,,,,counts:(0; 0; 0; 0; ),counts:(0; 0; 0; 0; ),counts:(0; 0; 0; 0; ),counts:(0; 0; 0; 0; ),counts:(0; 0; 0; 0; )
http://www.mediasuarakyat.ga/2017/08/innalillah-tujuh-relawan-white-helmets.html,,,,,,,counts:(0; 0; 0; 0; ),counts:(0; 0; 0; 0; ),counts:(0; 0; 0; 0; ),counts:(0; 0; 0; 0; )
https://www.rt.com/news/388960-white-helmets-execution-footage/,,,,,,,,counts:(0; 0; 0; 0; ),counts:(0; 0; 0; 0; ),counts:(0; 0; 0; 0; )
http://theduran.com/cnn-busted-using-actors-to-stage-muslim-outrage-in-london-after-terror-attacks/,,,,,,,,,counts:(0; 0; 0; 0; ),counts:(0; 0; 0; 0; )
http://www.thetruthseeker.co.uk/?p=153739,,,,,,,,,,counts:(0; 0; 0; 0; )
http://www.independent.co.uk/news/world/middle-east/syria-white-helmets-civil-defence-service-donation-uk-search-and-rescue-dfid-a7901091.html,,,,,,,,,,
